<?xml version='1.0' encoding='utf-8' standalone='yes' ?>
<map>
    <string name="feature_usage_package_name">com.crunchyroll.crunchyroid</string>
    <long name="feature_usage_timestamp_detected_feature_33" value="1753805052240" />
    <long name="feature_usage_timestamp_detected_feature_3" value="1753805051869" />
    <long name="feature_usage_timestamp_detected_feature_12" value="1753805051966" />
    <long name="feature_usage_last_report_time" value="1753805030729" />
    <long name="feature_usage_timestamp_detected_feature_15" value="1753805051969" />
    <string name="feature_usage_sdk_version">21.4.0</string>
    <long name="feature_usage_timestamp_reported_feature_5" value="1753805030640" />
    <long name="feature_usage_timestamp_detected_feature_18" value="1753805052241" />
</map>
