{"Fid":"cdV3nXt5QKGwnPdiHLwhMe","Status":3,"RefreshToken":"3_AS3qfwJVoHXfZDQ4XbbeZje1YN5puZi1ERBTM26oOYj6hvWsl5RfdnxbQHHGLllo9bBbamFX4dJ7Qxfu56lto6d5LXASq5JFeOl-f-8KjpUdm3I","AuthToken":"eyJhbGciOiJFUzI1NiIsInR5cCI6IkpXVCJ9.eyJhcHBJZCI6IjE6MzY3MjY5MDA4OTg2OmFuZHJvaWQ6NzliMWNhNTQ5NTQxMTEyNCIsImV4cCI6MTc1NDQxMTU0NywiZmlkIjoiY2RWM25YdDVRS0d3blBkaUhMd2hNZSIsInByb2plY3ROdW1iZXIiOjM2NzI2OTAwODk4Nn0.AB2LPV8wRQIhAJpZ88bdfgGc6KJgWzODsvp9YsAbE2EmUsggH1IBwcBqAiA9mfNpbi1Kq_sJzC89IuFPvmqzd8QadLEGn5oOmX6ILg","TokenCreationEpochInSecs":1753806746,"ExpiresInSecs":604800}